"object_name","filename","lineno","listlabel"
parse_tcp,C:/Users/P4/NFP_SDK/switch_INT01_with_demand/switch_INT01_with_demand.p4,483,pif_parrep_state_parse_tcp
parse_udp,C:/Users/P4/NFP_SDK/switch_INT01_with_demand/switch_INT01_with_demand.p4,495,pif_parrep_state_parse_udp
parse_arp,C:/Users/P4/NFP_SDK/switch_INT01_with_demand/switch_INT01_with_demand.p4,458,pif_parrep_state_parse_arp
start,C:/Users/P4/NFP_SDK/switch_INT01_with_demand/switch_INT01_with_demand.p4,438,pif_parrep_state_start
parse_shimINT,C:/Users/P4/NFP_SDK/switch_INT01_with_demand/switch_INT01_with_demand.p4,517,pif_parrep_state_parse_shimINT
parse_ipv4,C:/Users/P4/NFP_SDK/switch_INT01_with_demand/switch_INT01_with_demand.p4,470,pif_parrep_state_parse_ipv4
_condition_2,C:/Users/P4/NFP_SDK/switch_INT01_with_demand/switch_INT01_with_demand.p4,778,pif_ctlflow_state_ingress_flow__condition_2
_condition_1,C:/Users/P4/NFP_SDK/switch_INT01_with_demand/switch_INT01_with_demand.p4,776,pif_ctlflow_state_ingress_flow__condition_1
_condition_0,C:/Users/P4/NFP_SDK/switch_INT01_with_demand/switch_INT01_with_demand.p4,772,pif_ctlflow_state_ingress_flow__condition_0
ingress::ipv4_lpm,C:/Users/P4/NFP_SDK/switch_INT01_with_demand/switch_INT01_with_demand.p4,666,pif_ctlflow_state_ingress_flow_ingress::ipv4_lpm
ingress::int_source,C:/Users/P4/NFP_SDK/switch_INT01_with_demand/switch_INT01_with_demand.p4,756,pif_ctlflow_state_ingress_flow_ingress::int_source
ingress::tbl_act,,1,pif_ctlflow_state_ingress_flow_ingress::tbl_act
ingress::arp_lpm,C:/Users/P4/NFP_SDK/switch_INT01_with_demand/switch_INT01_with_demand.p4,626,pif_ctlflow_state_ingress_flow_ingress::arp_lpm
_condition_3,C:/Users/P4/NFP_SDK/switch_INT01_with_demand/switch_INT01_with_demand.p4,1014,pif_ctlflow_state_egress_flow__condition_3
egress::add_metadata,C:/Users/P4/NFP_SDK/switch_INT01_with_demand/switch_INT01_with_demand.p4,968,pif_ctlflow_state_egress_flow_egress::add_metadata
ingress::act,,1,pif_action_state_ingress::act
ingress::add_int_source,C:/Users/P4/NFP_SDK/switch_INT01_with_demand/switch_INT01_with_demand.p4,710,pif_action_state_ingress::add_int_source
egress::action_eq192,C:/Users/P4/NFP_SDK/switch_INT01_with_demand/switch_INT01_with_demand.p4,884,pif_action_state_egress::action_eq192
ingress::arp_forward,C:/Users/P4/NFP_SDK/switch_INT01_with_demand/switch_INT01_with_demand.p4,618,pif_action_state_ingress::arp_forward
ingress::drop,C:/Users/P4/NFP_SDK/switch_INT01_with_demand/switch_INT01_with_demand.p4,589,pif_action_state_ingress::drop
egress::action_eq184,C:/Users/P4/NFP_SDK/switch_INT01_with_demand/switch_INT01_with_demand.p4,943,pif_action_state_egress::action_eq184
egress::action_eq240,C:/Users/P4/NFP_SDK/switch_INT01_with_demand/switch_INT01_with_demand.p4,903,pif_action_state_egress::action_eq240
egress::action_eq88,C:/Users/P4/NFP_SDK/switch_INT01_with_demand/switch_INT01_with_demand.p4,954,pif_action_state_egress::action_eq88
ingress::ipv4_forward,C:/Users/P4/NFP_SDK/switch_INT01_with_demand/switch_INT01_with_demand.p4,654,pif_action_state_ingress::ipv4_forward
egress::action_eq248,C:/Users/P4/NFP_SDK/switch_INT01_with_demand/switch_INT01_with_demand.p4,915,pif_action_state_egress::action_eq248
egress::action_eq160,C:/Users/P4/NFP_SDK/switch_INT01_with_demand/switch_INT01_with_demand.p4,933,pif_action_state_egress::action_eq160
egress::action_eq224,C:/Users/P4/NFP_SDK/switch_INT01_with_demand/switch_INT01_with_demand.p4,893,pif_action_state_egress::action_eq224
egress::action_eq128,C:/Users/P4/NFP_SDK/switch_INT01_with_demand/switch_INT01_with_demand.p4,876,pif_action_state_egress::action_eq128
